﻿<?xml version="1.0" encoding="utf-8" ?>
<resources>
  <style name="AppTheme" parent="android:Theme.Black"/>
  <style name="CustomTitleStyle">
    <item name="android:layout_width">fill_parent</item>
    <item name="android:layout_height">45dp</item>
    <item name="android:orientation">horizontal</item>
    <item name="android:background">#000000</item>
    
    </style>

  <style name="CalendarViewTheme">
    <item name="android:showWeekNumber">true</item>
    <item name="android:firstDayOfWeek">1</item>
    <item name="android:minDate">01/01/1900</item>
    <item name="android:maxDate">12/31/2100</item>
    <item name="android:shownWeekCount">6</item>
    <item name="android:selectedWeekBackgroundColor">#330099FF</item>
    <item name="android:focusedMonthDateColor">#FFFFFFFF</item>
    <item name="android:unfocusedMonthDateColor">#66FFFFFF</item>
    <item name="android:weekNumberColor">#33FFFFFF</item>
    <item name="android:weekSeparatorLineColor">#19FFFFFF</item>
    <item name="android:selectedDateVerticalBar"> @drawable/bar</item>


  </style>
</resources>
